webTitle,webUrl,webId,webSource,webType,webDes
"""口水楼市-第35页-住在杭州网-口水杭州论坛-Poweredby...""",http://zzhzbbs.zjol.com.cn/forum-2-35.html,10758859,"""浙江在线""",2,"""凌晨四点杭州中江花园变电箱突起大火居民连夜下楼New好好S2017-8-1011:330207好好S2017-8-1011:33西溪路大变样了!拆迁后可以清晰看到西湖群..."""
"""口水楼市-第34页-住在杭州网-口水杭州论坛-Poweredby...""",http://zzhzbbs.zjol.com.cn/forum-2-34.html,10755378,"""浙江在线""",2,"""凌晨四点杭州中江花园变电箱突起大火居民连夜下楼New好好S2017-8-1011:330207好好S2017-8-1011:33西溪路大变样了!拆迁后可以清晰看到西湖群..."""
"""口水楼市-第36页-住在杭州网-口水杭州论坛-Poweredby...""",http://zzhzbbs.zjol.com.cn/forum-2-36.html,10754798,"""浙江在线""",2,"""凌晨四点杭州中江花园变电箱突起大火居民连夜下楼New好好S2017-8-1011:330208好好S2017-8-1011:33西溪路大变样了!拆迁后可以清晰看到西湖群..."""
"""一高校研究生钓鱼时 不慎将鱼线甩到高压线上……""",http://hzdaily.hangzhou.com.cn/dskb/2017/08/16/article_detail_2_20170816A134.html,10752287,"""都市快报""",2,"""一高校研究生钓鱼时 不慎将鱼线甩到高压线上……"""
"""突发惨烈车祸！舟山一工程车失控冲进民房，撞断电线杆撞毁两辆车""",http://toutiao.com/group/6455111561131328014/,10777744,"""都市快报""",2,"""今天上午7时30分许，新城三官堂郑家塘路段，一辆从白泉驶往定海的浙B工程车失控撞进民房，造成两人受伤，其中一人伤势严重。"""
"""路灯“罢工”市民晚上游园不便有关部门:派人到现场查看和处理""",http://xinwen.aqbtv.cn/2017-08/17/cms337808article.shtml,10780115,"""安庆网络广播电视""",2,"""8月13日,市民姚先生致电《安庆晚报》热线:滨江公园东段部分路灯不亮,给晚上来此游园和散步的市民带来不便。希望有关部门予以关注。姚先生告诉安庆晚报记者,昨天(..."""
"""安庆滨江公园东段部分路灯不亮市民游园不便""",http://www.ahwang.cn/anqing/news/20170817/1670686.shtml,10780872,"""安徽网""",2,"""当晚9时许,记者从市航道工程处专用码头进入滨江公园,发现入口处的东侧有一盏路灯未亮起。记者由西向东行走,不到100米,又看到两盏路灯\""罢工\"",一些在公园内..."""
"""突发！杭州古墩路萍水西街路口，有个工地起火了！""",http://toutiao.com/group/6455505774654259725/,10797311,"""19楼""",2,"""据网友@歇斯底里的小兽报料：杭州古墩路附近工地下午两点左右滚滚浓烟，消防车已赶到，吓得困意一下子就没了，今年杭城本命年吗，附近老出事。天干物燥，注意防火，加强用电安全！收藏在萍水西街与古墩路交叉口，着火了。"""
"""汇聚立心铸魂的思想伟力""",http://www.ccdi.gov.cn/yw/201708/t20170819_104921.html,10807976,"""中纪委监察部网站""",2,"""国电"""
"""500KV钱江变输电线路工程的绿化迁移中止？""",http://zzhzbbs.zjol.com.cn/forum.php?mod=viewthread&tid=21449162,10818273,"""口水杭州""",2,"""500KV钱江变输电线路工程的绿化迁移中止？"""
"""500KV钱江变输电线路工程的绿化迁移中止?-口水楼市-..._口水杭州""",http://zzhzbbs.zjol.com.cn/thread-21449162-1-1.html,10818129,"""浙江在线""",2,"""住在杭州网-口水杭州论坛03论坛列表69楼市69口水楼市69500KV钱江变输电线路工程的绿化迁移中止?[回顾]湛湛:8月17日口水楼市网友热帖回顾[买房..."""
"""政论专题片《法治中国》解说词第二集：大智立法""",http://www.ccdi.gov.cn/yw/201708/t20170820_104927.html,10822837,"""中纪委监察部网站""",2,"""国电"""
"""三峡集团:对二级单位党风廉政建设情况开展现场检查""",http://www.ccdi.gov.cn/yw/201708/t20170818_104899.html,10836230,"""中纪委监察部网站""",2,"""能源"""
"""河北:常规巡视22个县市\""机动式\""巡视4家单位""",http://www.ccdi.gov.cn/yw/201708/t20170818_104910.html,10836229,"""中纪委监察部网站""",2,"""能源"""
"""杭州男子凌晨起来熬中药发现楼道电表冒火花""",http://zj.qq.com/a/20170821/005135.htm,10836378,"""腾讯大浙网""",2,"""一个大伯扯着喉咙说,电表箱烧掉了,空调冰箱都用不来,\""刚刚买来的梭子蟹,大得不得了,现在要坏掉得嘞…\""另..."""
"""凌晨4点老朱起床给老母亲煎中药 突然发现楼道电表箱起火了""",http://hzdaily.hangzhou.com.cn/dskb/2017/08/21/article_detail_2_20170821A033.html,10836535,"""都市快报""",2,"""凌晨4点老朱起床给老母亲煎中药 突然发现楼道电表箱起火了"""
"""一个现代化都市大杭州主城区的乡村集市-浙江凤起路农贸市场""",http://bbs.tianya.cn/post-lookout-538197-1.shtml,10842102,"""天涯论坛""",2,"""哪尤如蜘蛛的电线网线像鱼网一样缠绕在人们的头上,这就是一幅市井八卦图,吸引着老外来猎奇拍照,这是一个政府、街道、社区都不被重视和管理的乡村集市、这是一个在日新月异发展中杭州"""
"""以新的精神状态和奋斗姿态把中国特色社会主义推向前进""",http://www.ccdi.gov.cn/lt/llsy/llqy/201708/t20170811_104537.html,10844533,"""中纪委监察部网站""",2,"""能源"""
